项目编号,项目名称,首席申请机构,批准资金
ARD/131,"鋰离子电池用高容量富鋰正级材料","香港应用科技研究院",HK$ 2,710,000
ARD/159,"嵌入式系统的系统级虚拟样机","香港应用科技研究院",HK$ 2,799,000
ART/134CP,"智能全方位出光型LED球泡灯","香港应用科技研究院",HK$ 5,330,200
ART/145CP,"消费性电子產品使用嵌入式鋰离子电池之高电容阳极","香港应用科技研究院",HK$ 5,909,998
ART/185CP,"先进高能量密度鋰离子电池富鋰正极材料","香港应用科技研究院",HK$ 8,616,500
ART/356CP,"高效新能源能量存储系统","香港应用科技研究院",HK$ 10,432,225
ART/375CP,"适用於兆瓦级储能应用的高可靠性及高效率储能变流系统（H2CS）","香港应用科技研究院",HK$ 10,780,100
ART/377CP,"应用於直流电网的高效混合系统","香港应用科技研究院",HK$ 9,418,500
ART/381CP,"用於储能电站的先进储能模组","香港应用科技研究院",HK$ 9,193,100
ART/395CP,"用於住宅至商业等级的混合电网虚拟发电厂V2G电动车充电系统","香港应用科技研究院",HK$ 9,773,850
ART/401CP,"低成本碳化硅衬底","香港应用科技研究院",HK$ 9,499,000
ART/413CP,"跨配电变压器的柔性直流电源系统（FDCX）","香港应用科技研究院",HK$ 10,000,000
ART/414CP,"实现多端直流电网共享的固态变压器","香港应用科技研究院",HK$ 9,883,675
B/E001/15,"海洋波浪能量转换系统","Finima Innovations Company Limited",HK$ 5,017,707
B/E008/16,"使用SiOx/C复合负极材料开发快充型鋰离子电池","GP Batteries International Limited",HK$ 4,235,085
B/E034/16,"高效能玻璃发热器在工业，汽车及健疗上的研发及商品化应用","高新材料企业有限公司",HK$ 3,436,380
B/E023/19,"The creation of safe battery with high energy and power density","盈保先进科技有限公司",HK$ 6,087,910.93
B/E048/19,"""高分辨率数值天气预报""商业服务平台--污染控制服务作為案例","联科集团(中国)有限公司",HK$ 4,041,500
B/E004/20,"研发先进的正极及负极材料, 以製造一广阔使用温度范围的镍氢电池","GP Technology &amp; Innovation Limited",HK$ 5,450,015.5
B/E023/20,"氧聚解空气处理技术改进和高效医用挥发性有机物处理设备开发","信山实业有限公司",HK$ 3,263,925
B/E040/20,"开发用於生活热水的环保型空气源高温热泵","恆丰工程(香港)有限公司",HK$ 940,970
B/E021/21,"研发新型微型涡轮技术应用於冷气和发电机系统以缓和全球暖化问题","阳光超人空调有限公司",HK$ 3,582,750
B/E006/22,"CPAS全球模式下之重点城市极端天气预报: 技术发展与落地","联科集团(中国)有限公司",HK$ 4,837,865
B/E015/22,"高能量密度、长循环寿命可充电镍锌硷性电池的研发","GP Technology &amp; Innovation Limited",HK$ 8,775,421.15
B/E016/23,"开发具有成本竞争力的SiC沟槽MOSFET晶体管制造技术和产品","创能动力科技有限公司",HK$ 9,146,066
B/E004/25,"替代一次性硷性电池的新型镍氢电池","GP Technology &amp; Innovation Limited",HK$ 2,190,884.5
B/E011/25,"人工智能赋能的亚百米级气象预报技术：低空经济与污染治理","联科集团(中国)有限公司",HK$ 4,095,955.5
GHP/041/07AD,"新一代电动汽车动力平臺","先进能源及智慧交通中心",HK$ 2,794,100
GHP/032/08SZ,"共蒸法製备CIGS薄膜太阳能电池的关键工艺研究","香港中文大学",HK$ 3,599,960
GHP/040/08GD,"兆瓦级光伏薄膜建筑一体化并网光伏电站关键技术研究、设备研製及工程运用","香港理工大学",HK$ 1,371,642
GHP/009/11GD,"服务机器人关键技术研究与產业化示范","香港中文大学",HK$ 4,379,310
GHP/015/11SZ,"纤维素类生物质厌氧生物製氢的关键技术及应用研究","香港大学",HK$ 880,720
GHP/015/12SZ,"新型复合结构的多晶薄膜太阳能电池及综合製备平台","香港城市大学",HK$ 1,799,750
GHP/017/12SZ,"储能系统关键技术——应用於分佈式能源之智能电池管理系统","香港城市大学",HK$ 2,076,808
GHP/001/13AZ,"新能源汽车混合储能系统","先进能源及智慧交通中心",HK$ 1,599,000
GHP/038/13SZ,"高效节能纳米分子筛分离膜的研製","香港科技大学",HK$ 2,054,992
GHP/015/14SZ,"硅纳米线作為鋰离子电池负极材料的应用研究","香港城市大学",HK$ 2,059,995
GHP/057/14AP,"研发具有车身集成超级电容储能系统的电动汽车","先进能源及智慧交通中心",HK$ 3,780,000
GHP/007/17GD,"太阳能热泵联合驱动的中空纤维膜海水淡化系统研究","香港理工大学",HK$ 825,241
GHP/033/17AP,"全电动智能ABS系统在电动车上的开发及应用","先进能源及智慧交通中心",HK$ 1,980,000
GHP/079/17SZ,"从材料创新出发构筑高效稳定的钙鈦矿太阳能电池","香港科技大学",HK$ 2,304,600
GHP/021/18SZ,"钙鈦矿太阳能电池中高效稳定传输材料的理性设计和大规模製备","香港城市大学",HK$ 1,240,217.5
GHP/038/19GD,"高效率、长寿命蓝光OLED材料和器件的开发与应用","香港理工大学",HK$ 1,506,500
GHP/042/19SZ,"高性能柔性钙鈦矿太阳能电池中关键材料及器件製备研究","香港理工大学",HK$ 1,799,750
GHP/001/20SZ,"大电流长寿命电解水制氢催化剂的研发","香港科技大学",HK$ 1,497,300
GHP/066/20AP,"用於电动汽车的新型无铁芯轻重量轮轂电机驱动系统研发","先进能源及智慧交通中心",HK$ 1,198,300
GHP/100/20SZ,"高性能柔性钙鈦矿/铜銦鎵硒叠层太阳能电池的设计和製备","香港城市大学",HK$ 947,600
GHP/102/20GD,"气相生长法製备大面积钙鈦矿薄膜用於高性能稳定光伏模组的技术开发","香港城市大学",HK$ 1,113,200
GHP/205/20SZ,"大面积全印刷碳电极钙鈦矿太阳能电池关键材料及模组的研究","香港理工大学",HK$ 2,642,700
GHP/117/21GD,"面向燃料电池高纯氢的“反应性”吸附剂和高效组合床分离纯化过程研究","香港中文大学",HK$ 1,576,072.7
GHP/191/21SZ,"基於预嵌入正极和改性锌负极的高安全水系锌基储能电池","香港城市大学",HK$ 1,097,100
GHP/100/22GD,"含氨低碳混合燃料高效清洁燃烧关键技术及装备研发","香港理工大学",HK$ 469,200
GHP/102/22SZ,"高性能贵金属复合催化剂製备及其氢燃料电池的应用","香港城市大学",HK$ 2,691,000
GHP/117/22SZ,"基於粘结剂原纤化干法制膜技术的全固态鋰金属电池的构筑及性能调控研究","香港理工大学",HK$ 1,205,200
GHP/121/22SZ,"开发可商业化的高效稳定钙鈦矿-有机叠层太阳能电池","香港城市大学",HK$ 1,764,100
GHP/127/22SZ,"高性能弹卡固态製冷材料及千瓦级空调样机研发","香港科技大学",HK$ 2,034,462.7
GHP/247/22GD,"基於水性粘结剂的高电压鈷酸鋰电极","香港城市大学",HK$ 782,000
GHP/335/22SZ,"高电压钠离子电池的设计、机理及性能研究","香港城市大学",HK$ 1,399,895
GHP/380/22GD,"钙鈦矿/HJT叠层太阳电池关键技术研究","香港理工大学",HK$ 2,642,700
GHP/394/22GD,"高效III-V族化合物/钙鈦矿多结叠层太阳电池研发","香港城市大学",HK$ 1,589,300
GHP/015/23GD,"聚光太阳能製取绿色氢气和耦合氢化製备高值化学品","香港城市大学",HK$ 855,600
GHP/133/23GD,"面向宽功率负载快速响应电解槽技术应用的新型自支撑纳米阵列电极製备工艺研究","香港城市大学",HK$ 966,000
GHP/290/23SZ,"高安全高比能固态鋰金属电池的研製","香港城市大学",HK$ 1,899,800
GHP/305/23GD,"高效稳定的全聚合物太阳能电池的开发与製备","香港科技大学",HK$ 2,796,800
GHX/004/11,"新一代用於光伏发电系统的智能功率逆变器","香港城市大学",HK$ 1,125,605
GHX/003/13SZ,"新型超低阻大容量超级电容及分佈式发电功率平衡系统的研发","香港理工大学",HK$ 990,000
GHX/142/21GD,"鋰离子电池鋰盐中间体：双（氟磺酰）亚胺钾的工艺研究","香港中文大学",HK$ 100,000
GSP/001/13,"青年企业家发展局 (E挑战杯 - 创业计划挑战赛) 2013","青年企业家发展局",HK$ 686,000
GSP/006/13,"促进转移海外科研成果的软着陆计划","香港科技园公司",HK$ 3,525,600
GSP/010/13,"亚洲商业天使论坛 2014（ABAF2014）","香港投资天使脉络有限公司",HK$ 696,400
GSP/011/13,"科技主题之旅 @ 创新科技嘉年华 2013","香港中文大学",HK$ 205,033
GSP/012/13,"新一代创新科技人才培育及推广计划2013-2014","香港新一代文化协会有限公司",HK$ 564,000
GSP/028/13,"青年企业家发展局 (E挑战杯 - 创业计划挑战赛2014)","青年企业家发展局",HK$ 700,000
GSP/031/13,"透过英国牛津大学专责技术转移的商业机构，以其经验及网络, 协助本地大学将具潜力的创新科技基金资助项目科研成果商品化","香港科技园公司",HK$ 1,834,720
GSP/019/14,"亚太创新峰会2014 - 国际知识转移论坛暨香港科技巡礼","香港科技园公司",HK$ 2,667,810
GSP/025/14,"青年企业家发展局 (E挑战杯 - 创业计划挑战赛 2015)","青年企业家发展局",HK$ 700,000
GSP/027/14,"创新科技学生会 2015","香港中文大学",HK$ 580,900
GSP/002/15,"2016香港学生科学比赛","香港青年协会",HK$ 1,597,156
GSP/011/15,"港科院成立典礼暨第一届学术创新连繫峰会及第二届学术创新连繫峰会","香港科学院",HK$ 3,241,000
GSP/013/15,"创新科技奖学金计划2016","香港青年协会",HK$ 3,214,850
GSP/017/15,"促进转移海外科研成果的软着陆计划 (2015-2017)","香港科技园公司",HK$ 2,910,000
GSP/021/15,"第十七届亚洲物理奥林匹克","香港科技大学",HK$ 1,264,901
GSP/022/15,"大学生创新及创业计划2016","香港新一代文化协会有限公司",HK$ 1,702,900
GSP/004/16,"2017香港学生科学比赛","香港青年协会",HK$ 1,499,730
GSP/010/16,"创新科技学生会 2016","香港中文大学",HK$ 527,850
GSP/024/16,"香港大学生创新及创业计划2017-2018","香港新一代文化协会有限公司",HK$ 2,999,680
GSP/031/16,"Gordon Research Conferences (HK) Limited 2017 and 2018 Conference Series","戈登研究会议在香港扩充活动计划",HK$ 3,688,560
GSP/007/17,"2018香港学生科学比赛","香港青年协会",HK$ 1,499,926
GSP/018/17,"创造乐活都市","香港贸易发展局",HK$ 680,120
GSP/023/17,"青企局「敢闯。敢创」创业比赛","青年企业家发展局",HK$ 646,000
GSP/031/17,"机械人、科艺及绿色创意科普计划","香港中文大学",HK$ 2,917,228
GSP/005/18,"2019香港学生科学比赛","香港青年协会",HK$ 1,567,974
GSP/006/18,"人工智能及工业应用国际会议与工作坊：產业创新的新引擎","香港生產力促进局",HK$ 625,783
GSP/012/18,"城创新活","香港贸易发展局",HK$ 826,686.5
GSP/015/18,"创新科技嘉年华之生產力展馆-2018","香港生產力促进局",HK$ 848,426.5
GSP/047/18,"Gordon Research Conferences 2019 and 2020 Conference Series","戈登研究会议在香港扩充活动计划",HK$ 7,586,970
GSP/038/19,"智能传感4.0","香港生產力促进局",HK$ 608,957
GSP/009/20,"2021 &amp; 2022 香港学生科学比赛","香港青年协会",HK$ 3,262,432
GSP/027/20,"大湾区联校创新发明比赛","香港发明创新总会有限公司",HK$ 896,914
GSP/006/21,"N/A","Pangaia Solutions Limited",HK$ 1,480,620
GSP/014/21,"建设更美好的大湾区：培育人才与引领创新","香港工程院",HK$ 7,604,820
GSP/029/21,"透过项目比赛和专业指导，孕育香港物联网创新方案，迈向国家舞台","香港生產力促进局",HK$ 884,112.3
GSP/067/21,"於香港电脑通讯节 2022 举办 5G 及绿色科技生活区，以推广使香港為创新绿色科技的城市","香港电器及电子设备回收协会有限公司",HK$ 1,617,816
GSP/003/22,"大数据应用挑战赛 2021-22","B4B Limited",HK$ 1,974,300
GSP/057/22,"大数据应用挑战赛 2022-23","B4B Limited",HK$ 2,045,200
GSP/080/22,"One SciTech One Future 系列:  1. 全球Deep Tech青年论坛 2. 香港创科研先驱奖 3. One SciTech One Future 教育系列","Y-Lot Foundation Limited",HK$ 1,370,523.6
GSP/088/22,"智慧城市智能便利与私隐保护及新创动力","世界新经济议会有限公司",HK$ 428,372
GSP/089/22,"青年创新创业实战计划","香港新一代文化协会有限公司",HK$ 5,270,550
GSP/014/23,"香港工程科学院促进创新科技项目2023-25","香港工程院",HK$ 4,353,200
GSP/031/23,"第一届及第二届青年科学院高峰会 (2023-2025年)","香港科学院",HK$ 3,154,121.13
GSP/049/23,"企业创新指数2023 - 释放中小企的创新潜力","香港中文大学",HK$ 2,608,197.13
GSP/051/23,"创新科技奖学金2024","香港青年协会",HK$ 3,197,033
GSP/052/23,"2024 &amp; 2025 香港学生科学比赛","香港青年协会",HK$ 3,640,202
GSP/063/23,"香港绿色科技论坛2023","绿色发展研究院有限公司",HK$ 1,792,814
GSP/095/23,"浸大数字人文、艺术科技和绿色科技新体验","香港浸会大学",HK$ 1,005,816
GSP/097/23,"2023 创新科技嘉年华之生產力展馆","香港生產力促进局",HK$ 1,079,141.93
GSP/102/23,"大数据应用挑战赛 2023-24","B4B Limited",HK$ 2,130,680
GSP/001/24,"洞悉全球新能源汽车趋势，掌握新时代机遇","香港生產力促进局",HK$ 533,722.9
GSP/010/24,"创新科技奖学金2025","香港青年协会",HK$ 3,250,432
GSP/054/24,"通过设计和製作太空基地培养香港航天科技人才 2024/2025","香港生產力促进局",HK$ 1,052,792
GSP/091/24,"庆祝中华人民共和国成立 75 周年，香港大学在第 49 届日内瓦国际发明展上的获奖发明。","香港大学",HK$ 463,910
GSP/131/24,"「创新科技嘉年华2024」应科院展位製作","香港应用科技研究院",HK$ 436,000
GSP/156/24,"大数据应用挑战赛 2024-25","B4B Limited",HK$ 1,973,480
GSP/157/24,"2025第二届「香港世界青年科学大会」","香港北京高校校友联盟有限公司",HK$ 3,348,453
GSP/175/24,"香港青年创科发展计划 2025-2027","香港新一代文化协会有限公司",HK$ 4,676,600
GSP/196/24,"创．造未来：香港工业新时代","香港工业总会",HK$ 2,268,716
GSP/001/25,"工程青年力量 ─ 香港与国际联繫","香港工程院",HK$ 5,030,890
GSP/005/25,"香港创新发明展览会 2025-2026","香港出口商会",HK$ 2,940,445
GSP/007/25,"第十五届全国海洋知识竞赛香港区选拔赛","香港中文大学",HK$ 2,109,175.52
GSP/050/25,"香港学生科学比赛2026 &amp; 2027","香港青年协会",HK$ 3,816,720
InP/328/17,"高能效空调和洁净室内空气的先进热纳米技术(TNT)集成系统: 第一部分 - 能源效益","香港城市大学",HK$ 363,300
InP/335/17,"高能效空调和洁净室内空气的先进热纳米技术(TNT)集成系统: 第一部分 - 能源效益","香港城市大学",HK$ 686,700
InP/431/19,"高能效空调和洁净室内空气的先进热纳米技术(TNT)集成系统: 第一部分 - 能源效益","香港城市大学",HK$ 244,020
ITP/009/08TP,"低温快速蒸发针织衣物的崭新处理技术","香港纺织及成衣研发中心",HK$ 2,417,952
ITP/014/09TP,"用於纺织生產处理过程的创新能源管理系统","香港纺织及成衣研发中心",HK$ 4,406,581
ITP/023/11AI,"双通道 2-50千瓦电动汽车快速充电站","先进能源及智慧交通中心",HK$ 2,004,100
ITP/001/12NP,"用於纳米电子器件製造的激光在刚性基板上直写石墨烯功能图形技术的研究","纳米及先进材料研发院有限公司",HK$ 1,791,700
ITP/002/12NP,"用於高性能鋰电池的掺杂鈦酸鋰(LTO)纳米材料","纳米及先进材料研发院有限公司",HK$ 1,849,200
ITP/006/12AP,"增强型微混合动力总成系统的开发","先进能源及智慧交通中心",HK$ 2,699,795
ITP/013/12NP,"二氧化鈦浆料搀混功能性金属氧化物或高分子於染料敏化太阳能电池的开发","纳米及先进材料研发院有限公司",HK$ 706,502
ITP/014/12NP,"新型的低成本薄膜太阳能电池吸收材料的开发","纳米及先进材料研发院有限公司",HK$ 1,989,953
ITP/025/12AP,"电动汽车混合能量储存系统","先进能源及智慧交通中心",HK$ 1,873,000
ITP/030/12NP,"用於鋰电池阳极的含硅纳米复合材料浆料","纳米及先进材料研发院有限公司",HK$ 1,996,860
ITP/031/12NP,"针对高电压鋰离子电池应用的电解质体系开发","纳米及先进材料研发院有限公司",HK$ 1,990,880
ITP/033/12NP,"高性能磷酸镁水泥基燃料电池双极板的研发","纳米及先进材料研发院有限公司",HK$ 3,004,720
ITP/044/12NI,"高效能多结硅基薄膜太阳能电池的研究","纳米及先进材料研发院有限公司",HK$ 14,488,106
ITP/017/13AI,"开发配备轻量化车身及高效能驱动马达系统的纯电动智能环保巴士","先进能源及智慧交通中心",HK$ 17,835,490
ITP/037/13AP,"电动车电池组的主动均衡系统","先进能源及智慧交通中心",HK$ 2,684,000
ITP/039/13NP,"开发低成本和新颖的导电性聚合物作為可溶性材料及其在有机光伏电池和印刷电子中的应用研究","纳米及先进材料研发院有限公司",HK$ 1,989,034
ITP/012/14NP,"开发低成本的新型富勒烯衍生物受体用於提升有机太阳能电池的效率","纳米及先进材料研发院有限公司",HK$ 2,722,280
ITP/016/14NP,"应用于移动电子设备的可印刷柔性锂电池","纳米及先进材料研发院有限公司",HK$ 2,725,725
ITP/017/14NP,"运用先进材料提高锂电池安全性能","纳米及先进材料研发院有限公司",HK$ 2,051,655
ITP/031/14NP,"研发一种应用於移动电子设备可靠及安全的快充鋰电池","纳米及先进材料研发院有限公司",HK$ 2,684,790
ITP/034/14NI,"开发可印刷之衣服发热元件","纳米及先进材料研发院有限公司",HK$ 670,283
ITP/036/14NP,"面向可移动及可穿戴电子装置的低成本柔性钙鈦矿太阳能电池的开发","纳米及先进材料研发院有限公司",HK$ 2,795,470
ITP/038/14NI,"用於指定金属及塑胶底材上的罐装高反光涂料","纳米及先进材料研发院有限公司",HK$ 546,565
ITP/041/14NP,"研发应用在高能量密度鋰离子电池中的先进阴极材料","纳米及先进材料研发院有限公司",HK$ 2,785,300
ITP/054/14AI,"增程式混合动力客车的研发","先进能源及智慧交通中心",HK$ 4,747,168
ITP/067/14TP,"基於织物石墨烯复合电极在可穿戴鋰离子电池的应用研究","香港纺织及成衣研发中心",HK$ 2,656,500
ITP/004/15NP,"应用於能量收集的柔性压电材料和系统","纳米及先进材料研发院有限公司",HK$ 2,782,500
ITP/010/15NI,"针对钙鈦矿太阳能电池的可打印电极材料的开发","纳米及先进材料研发院有限公司",HK$ 1,252,975
ITP/012/15NP,"研发用於改善鋰离子电池温度性能的电极材料表面改性技术","纳米及先进材料研发院有限公司",HK$ 2,162,000
ITP/017/15NP,"开发用於鋰离子电池性能改善的绿色环保制造工艺","纳米及先进材料研发院有限公司",HK$ 5,479,606
ITP/021/15NI,"研发针对物流运输及野外遥感应用的储能方案","纳米及先进材料研发院有限公司",HK$ 883,286
ITP/028/15AP,"智能电动车向住家(Vehicle-to-Home)供电系统研发","先进能源及智慧交通中心",HK$ 2,718,000
ITP/030/15NI,"用於智能手腕电子设备的安全印刷可弯折电池","纳米及先进材料研发院有限公司",HK$ 655,600
ITP/035/15AP,"开发用于检测电池管理系统功能的电池仿真设备","先进能源及智慧交通中心",HK$ 2,459,000
ITP/050/15NP,"鋰离子电池寿命建模并应用於电池健康状态监测及高性能鋰离子电池开发","纳米及先进材料研发院有限公司",HK$ 5,843,888
ITP/052/15NI,"快充柔性鋰电池","纳米及先进材料研发院有限公司",HK$ 836,234
ITP/061/15NI,"开发先进节能隔热涂料","纳米及先进材料研发院有限公司",HK$ 1,007,570
ITP/079/15NI,"应用於一体化可穿戴器件的弹性电池","纳米及先进材料研发院有限公司",HK$ 503,600
ITP/090/15AP,"配备动态电源管理系统的智能电动车充电站","先进能源及智慧交通中心",HK$ 4,461,900
ITP/094/15AP,"研发电动车无线中速充电系统","先进能源及智慧交通中心",HK$ 2,747,000
ITP/098/15NI,"研发可打印的安全柔性鋰离子电池","纳米及先进材料研发院有限公司",HK$ 624,170
ITP/013/16AI,"开发适合中国市场的电动充电站与充电管理及收费系统","先进能源及智慧交通中心",HK$ 3,046,000
ITP/016/16NP,"应用於印製电子器件的固态电解质","纳米及先进材料研发院有限公司",HK$ 4,749,500
ITP/023/16TI,"开发可见光自洁羊绒纱和针织衫","香港纺织及成衣研发中心",HK$ 583,222
ITP/040/16NI,"自发电智能照护感应垫","纳米及先进材料研发院有限公司",HK$ 900,850
ITP/041/16NI,"量子点辅助纳米压印技术在室内照明的应用","纳米及先进材料研发院有限公司",HK$ 879,400
ITP/049/16NP,"下一代电动汽车和动力设备用5V鋰离子电池系统的研发","纳米及先进材料研发院有限公司",HK$ 3,944,155
ITP/085/16NP,"开发用於高能量密度鋰离子电池的先进负极材料","纳米及先进材料研发院有限公司",HK$ 2,258,025
ITP/017/17NP,"NAMI柔性电池平臺技术","纳米及先进材料研发院有限公司",HK$ 12,000,000
ITP/038/17AP,"开发电动车大功率碳化硅快速充电模块","先进能源及智慧交通中心",HK$ 1,843,040
ITP/043/17NI,"用於鋰离子电池负极的纳米硅碳復合材料","纳米及先进材料研发院有限公司",HK$ 1,958,550
ITP/047/17NI,"开发极端持久的鋰电池","纳米及先进材料研发院有限公司",HK$ 1,007,925
ITP/085/17TP,"基於导电织物的高能量密度可穿戴电池研究","香港纺织及成衣研发中心",HK$ 5,394,880
ITP/005/18NI,"集成於医疗贴胶柔性电路板上022315型号的可印刷柔性电池","纳米及先进材料研发院有限公司",HK$ 1,566,800
ITP/011/18NI,"柔性纳米发电机在健康护理感应垫及自发电鞋中的应用","纳米及先进材料研发院有限公司",HK$ 1,278,350
ITP/017/18AI,"高能量密度铝空气电池混合动力冷藏物流车","先进能源及智慧交通中心",HK$ 9,413,719
ITP/030/18NP,"用於隔热保温，水分及气体吸收的新型纳米海绵材料","纳米及先进材料研发院有限公司",HK$ 2,795,450
ITP/031/18NP,"柔性纳米发电机在能量採集和传感器中的应用","纳米及先进材料研发院有限公司",HK$ 2,783,000
ITP/039/18NP,"NAMI 水性电解质可充电电池","纳米及先进材料研发院有限公司",HK$ 2,798,800
ITP/057/18AI,"开发用於室内服务和运送的智能自动移动平台","先进能源及智慧交通中心",-
ITP/066/18TI,"穿戴式可持续发展的能量收集鞋垫的开发","香港纺织及成衣研发中心",HK$ 1,933,253.66
ITP/029/19NP,"内置聚合物保险丝材料的无隔膜安全电池","纳米及先进材料研发院有限公司",HK$ 2,799,905
ITP/051/19TP,"从棉花牛仔废料中去除靛蓝染料","香港纺织及成衣研发中心",HK$ 6,192,824
ITP/048/20NP,"NAMI环境友好鋰电池乾正极技术","纳米及先进材料研发院有限公司",HK$ 2,799,100
ITP/047/21AP,"开发具有智能转向功能和增强动力再生能力的轻型固定路线自动驾驶车辆 - 智能转向和智能能源管理的终极解决方案","先进能源及智慧交通中心",HK$ 3,510,541
ITP/010/22NP,"NAMI 用於生物质转化的纳米双催化剂","纳米及先进材料研发院有限公司",HK$ 4,999,600
ITP/020/22NP,"NAMI可持续染料","纳米及先进材料研发院有限公司",HK$ 2,783,000
ITP/031/22NP,"用於高能量密度鋰金属电池的凝胶抑製粘合剂","纳米及先进材料研发院有限公司",HK$ 3,385,600
ITP/039/22NP,"应用於鋰金属电池的高压、高闪点的电解液体系","纳米及先进材料研发院有限公司",HK$ 2,794,500
ITP/014/23AP,"开发為氢燃料电池可大批量冲压生產的耐腐蚀及高散热性能的Al-Mn-Cu合金与相变材料复合双极板","先进能源及智慧交通中心",HK$ 1,973,685
ITP/015/23AP,"开发基於超稳热致相变材料的智能控温节能车窗玻璃","先进能源及智慧交通中心",HK$ 3,038,715
ITP/017/23AP,"开发移动式三合一加氢系统","先进能源及智慧交通中心",HK$ 8,550,000
ITP/031/23AP,"基於先进NASICON正极的超级快充，长寿命钠离子电池模型开发","先进能源及智慧交通中心",HK$ 6,375,000
ITP/033/23NP,"用於鋰金属电池的相分离多孔膜","纳米及先进材料研发院有限公司",HK$ 2,799,675
ITP/048/23TP,"纤维素基高安全鋰离子电池隔膜材料关键技术","香港纺织及成衣研发中心",HK$ 2,186,437.5
ITP/054/23TP,"用於零耗零碳热管理的辐射製冷功能超纤维材料","香港纺织及成衣研发中心",HK$ 4,500,000
ITP/023/24AP,"开发採用固态储氢技术的高度模块化自适应氢电系统","先进能源及智慧交通中心",HK$ 6,450,000
ITP/025/24AP,"下一代轻量化交通应用的永磁同步马达控制器研製","先进能源及智慧交通中心",HK$ 1,184,193
ITP/029/24NP,"用於单相浸没式冷却的 NAMI 无氟及低黏度流体","纳米及先进材料研发院有限公司",HK$ 4,197,500
ITP/044/24AP,"开发配有低压固态储氢系统及分散式按需供氢站的氢能摩托车","先进能源及智慧交通中心",HK$ 3,060,000
ITP/053/24AP,"电动汽车机器学习辅助电池管理系统研发","先进能源及智慧交通中心",HK$ 1,913,600
ITP/064/24TP,"开发新溶剂体系以电纺间位芳纶為电气绝缘材料","香港纺织及成衣研发中心",HK$ 2,349,910
ITP/002/25NP,"应用於具有高硅含量的鋰电负极的支化黏结剂","纳米及先进材料研发院有限公司",HK$ 2,799,100
ITP/013/25LP,"针对老化建筑的数字孪生智能平台：促进数字化与消防安全管理","物流及供应链多元技术研发中心",HK$ 2,421,184.7
ITP/018/25AP,"开发用於电动汽车的高能量密度固态动力电池","先进能源及智慧交通中心",HK$ 4,450,000
ITP/021/25AP,"开发适用於鋰离子动力电池的新型复合金属塑箔技术","先进能源及智慧交通中心",HK$ 2,580,000
ITP/022/25AP,"使用新型工艺方法开发高气密性第五类储氢压力容器","先进能源及智慧交通中心",HK$ 2,691,052
ITP/023/25AP,"基於相变浆液的耦合热管理系统在商用固态储氢燃料电池汽车中的开发研究","先进能源及智慧交通中心",HK$ 2,321,622.5
ITP/026/25AP,"开发汽车鋰电池实时超声波无损检测装置","先进能源及智慧交通中心",HK$ 3,052,186
ITP/027/25DP,"应用於车联网 (V2X) 的融合式功率转换架构","香港微电子研发院有限公司",HK$ 2,795,075
ITP/037/25NP,"NAMI用于固体电解质鋰电池的分子设计和界面工程","纳米及先进材料研发院有限公司",HK$ 5,249,750
ITS/069/02,"纳米材料技术研发所：纳米功能材料和技术发展","香港科技大学",HK$ 56,911,000
ITS/158/09,"能够提高农业、林业及生物能源產值的平台科技","香港大学",HK$ 992,601
ITS/170/11FP,"柔性金属衬底上的铜銦鎵硒薄膜太阳能电池的制备工艺","香港中文大学",HK$ 1,759,188
ITS/175/11FP,"应用於建筑物及工业的高能效吸附製冷系统","香港科技大学",HK$ 1,797,873
ITS/032/12,"用於雪柜和冷气机的节能直线製冷压缩机","香港理工大学",HK$ 975,886
ITS/112/12,"利用磁阻传感器进行地下电缆运行状态监测和通电状态识别","香港大学",HK$ 874,000
ITS/141/12,"具有高透明度和导电率石墨烯/碳纳米管复合薄膜的制备","香港科技大学",HK$ 984,230
ITS/290/12,"混合钒流电池作伸缩弹性储电","香港大学",HK$ 998,770
ITS/351/12,"通过简便电化学技术製备性能卓越的超级电容器电极","香港城市大学",HK$ 995,900
ITS/353/12,"以食物废料为营养源培养微藻：一种生物炼制的新概念","香港城市大学",HK$ 897,575
ITS/354/12,"可印刷的叠层高分子太阳能电池的界面材料的研发","香港科技大学",HK$ 999,350
ITS/032/13,"為中型水管数据监测系统提供电力的新颖内联水力发电和能量存储系统的研发","香港理工大学",HK$ 998,200
ITS/052/13FP,"CIGS太阳能组件的全激光刻蚀工艺","香港中文大学",HK$ 3,191,388
ITS/117/13,"利用表面有三维纳米结构的低成本基板材料卷对卷製成柔性薄膜硅太阳能电池","香港科技大学",HK$ 998,231
ITS/161/13FX,"应用於智能城市的云端化能源管理、环境及个人安全监控平台","香港理工大学",HK$ 3,390,339
ITS/168/13,"用於下一代电动汽车的超级电容车身集成技术","香港理工大学",HK$ 999,350
ITS/196/13,"系统性利用等离子体激元增强太阳能薄膜电池","香港中文大学",HK$ 1,383,330
ITS/275/13,"一种用於电动汽车的新型双馈磁场调製的电动机","香港理工大学",HK$ 1,400,000
ITS/304/13,"一种用於个性化通风节能的新型热舒适度传感技术","香港科技大学",HK$ 1,327,100
ITS/324/13FP,"研发一款智能高效节电的室内PM2.5监测及净化系统","香港城市大学",HK$ 1,684,750
ITS/329/13,"採用碳电极的高性能长循环寿命铅酸电池","香港科技大学",HK$ 1,393,800
ITS/363/13,"新颖的交联聚合物作為高电容量锡基鋰电池负极之粘合剂","香港城市大学",HK$ 1,399,320
ITS/378/13,"鋰离子电池利用二氧化鈦-B纳米复合负极材料达到高容量放电的研究","香港大学",HK$ 1,399,550
ITS/004/14,"胶体溶液法製备有机金属卤化物钙鈦矿太阳能电池","香港科技大学",HK$ 1,399,550
ITS/026/14FP,"电梯节能的全面解决方案的开发","香港理工大学",HK$ 2,339,905
ITS/029/14,"用於长寿命4伏动力电池的LVP/C先进復合正极材料","香港理工大学",HK$ 1,366,200
ITS/036/14,"车辆高频交流输电系统","香港理工大学",HK$ 1,400,000
ITS/037/14,"採用耦合共振技术的全新轮轂电动机","香港理工大学",HK$ 1,398,400
ITS/043/14,"一种新型具有磁齿轮功能的双转子无刷发电机","香港理工大学",HK$ 1,400,000
ITS/056/14,"基於溶液法製备的具有二氧化鈦纳米纤维/纳米碳管构架的高效钙鈦矿太阳能电池","香港理工大学",HK$ 1,399,965
ITS/063/14FX,"智能与可持续发展校园","香港城市大学",HK$ 1,965,200
ITS/160/14FP,"研发可用於下一代智能银行卡的绿色柔性超薄超级电容器","香港中文大学",HK$ 1,450,288
ITS/186/14FX,"自适应无线电源和数据自动测报视神经刺激系统","香港科技大学",HK$ 582,200
ITS/248/14FP,"用於自主无线传感器网络的热能收集与电存储集成系统","香港科技大学 (Consortium)",HK$ 11,699,417
ITS/277/14,"智能实时电池容量和健康诊断系统","香港城市大学",HK$ 1,348,975
ITS/300/14,"屋宇中央冷气系统的优化控制技术","香港城市大学",HK$ 1,333,310
ITS/318/14,"具有超高循环及环境稳定性的鋰硫电池纳米碳/硫复合电极的製备","香港科技大学",HK$ 1,286,850
ITS/323/14,"燃料电池电催化剂","香港科技大学",HK$ 1,397,250
ITS/324/14,"用於强化换热器冷凝之新型混合纳米结构表面","香港科技大学",HK$ 1,361,600
ITS/362/14FP,"用於高效光伏板的有自我清洁功能的纳米减反射薄膜的卷对卷制成工艺和设备的开发","香港科技大学",HK$ 4,478,689
ITS/380/14,"纤维构筑可穿戴超级电容器的研究","香港理工大学",HK$ 1,385,060
ITS/050/15,"先进贋电容能源存储器件与科技於未来电动车之应用","香港理工大学",HK$ 1,400,000
ITS/083/15,"研发低成本并对环境友好且不含富勒烯的有机太阳能电池材料及工艺","香港科技大学",HK$ 1,382,300
ITS/180/15,"纯固态鋰离子双层超级电容器的开发","香港科技大学",HK$ 1,390,350
ITS/188/15FP,"智慧城镇的废水能源转化技术","香港理工大学",HK$ 8,900,553
ITS/265/15FX,"智能户内植物种植系统","香港理工大学",HK$ 2,239,050
ITS/308/15,"光伏农场的遥控在线状态监测与故障诊断系统","香港城市大学",HK$ 1,301,800
ITS/371/15,"高性能及高安全性的固态鋰电池开发","香港科技大学",HK$ 1,384,600
ITS/394/15,"新结合有机朗肯循环用於回收空调系统的低质量餘热作发电之用","香港城市大学",HK$ 1,388,740
ITS/013/16,"应用於建筑物的被动式太阳光辐射製冷器","香港科技大学",HK$ 1,358,150
ITS/020/16FP,"用於自主无线传感器网络的热能收集与电存储集成系统-第二期","香港科技大学 (Consortium)",HK$ 11,699,418
ITS/050/16FP,"在线谐波滤波器和网络监控系统","香港城市大学",HK$ 1,328,629
ITS/141/16,"基於三维织物的纳米发电机","香港城市大学",HK$ 1,385,750
ITS/161/16FP,"高性能鋰离子电池正极材料的研发","香港科技大学",HK$ 1,945,800
ITS/162/16FP,"大功率电子器件超薄柔性均热版关键技术的研发","香港科技大学",HK$ 2,191,900
ITS/171/16FX,"高能效空调和洁净室内空气的先进热纳米技术(TNT)集成系统: 第一部分 - 能源效益","香港城市大学",HK$ 10,817,020
ITS/186/16,"开发低成本在空气中稳定及配体能自动分离的电子墨水 -迈向低成本长寿高效率钙鈦矿太阳能电池","香港城市大学",HK$ 1,281,905
ITS/219/16,"可印刷的碳基钙鈦矿太阳能电池","香港科技大学",HK$ 1,391,500
ITS/261/16FX,"用於交直流转换系统的功率半导体滤波器整合控制芯片","香港城市大学",HK$ 2,391,084
ITS/305/16,"一种建基於负载和谐波之差异的新型孤岛检测技术","香港理工大学",HK$ 1,399,550
ITS/410/16FP,"用於低碳节能建筑的集成CMOS MEMS传感器及智能制动器的智能自适应控制/监控系统开发","香港科技大学 (Consortium)",HK$ 8,999,999
ITS/001/17,"具有高性能和成本效益的钠离子电池负极材料的开发以及其在大规模储能中的应用","香港科技大学",HK$ 1,389,200
ITS/029/17,"高性能低成本钠离子电池的研製","香港理工大学",HK$ 1,396,100
ITS/177/17FP,"高效低成本可再生能源规模化存储的千瓦级钒液流电池研发","香港科技大学",HK$ 2,895,125
ITS/216/17FP,"无人化模具製造中自动化工件抓夹定位系统研究","香港科技大学",HK$ 1,987,660
ITS/249/17FP,"高效铜銦鎵硒太阳能电池中环境友好缓衝层的配方及製备方法","香港中文大学",HK$ 3,599,960
ITS/262/17FX,"关於零液体排放和回收有价值资源的新型膜蒸馏结晶工艺的研发","香港城市大学",HK$ 793,900
ITS/298/17FX,"智能地质监测系统结构","香港城市大学",HK$ 2,280,751
ITS/394/17,"高速光学精準表面轮廓仪的开发及其在纳米薄膜结构检测之应用","香港中文大学",HK$ 1,391,500
ITS/412/17FP,"GaN高速功率开关器件的可靠性评估及测试平臺","香港科技大学",HK$ 1,974,550
ITS/026/18,"开发用於可穿戴电子设备的高性能的柔性锌-空气复合电池","香港理工大学",HK$ 1,393,800
ITS/051/18,"可拉伸柔性超级电容的开发","香港科技大学",HK$ 1,292,600
ITS/063/18,"高能量液流电池的开发及对电动车快速换电的应用","香港中文大学",HK$ 1,394,950
ITS/073/18FP,"全电动喷射推进系统新技术及其防水充电研发","香港理工大学",HK$ 2,412,000
ITS/085/18,"用於振动能量收集的高性能摩擦纳米发电机","香港中文大学",HK$ 1,382,495.5
ITS/200/18,"富氮空位氮化镍基一体式三维电极的研製及其电解水的应用","香港城市大学",HK$ 1,350,100
ITS/240/18FP,"用於供水管网的内联式双向微型水轮机技术的研发","香港理工大学",HK$ 2,389,700
ITS/292/18FP,"用於救援和提高公共安全的不易燃固态可充电鋰离子电池","香港科技大学",HK$ 1,859,550
ITS/388/18,"智能充电分流器","香港城市大学",HK$ 1,367,416.7
ITS/429/18,"用於除湿系统的新型超亲水纳米结构复合材料表面的研究与开发","香港城市大学",HK$ 1,399,550
ITS/471/18,"研发在室内环境高效工作的非富勒烯有机太阳能电池及其在物联网的应用","香港科技大学",HK$ 1,399,550
ITS/497/18FP,"高效率钙鈦矿/聚合物集成太阳能电池的研发","香港城市大学",HK$ 1,462,800
ITS/504/18FX,"研发一套新型模组化系统作的厨餘就地回用","香港生產力促进局",HK$ 2,121,175
ITS/017/19,"纳米多孔锌阳极和高能量密度二次锌空气电池","香港科技大学",HK$ 1,231,190
ITS/086/19,"可穿戴发电布技术的开发","香港理工大学",HK$ 1,391,500
ITS/194/19FP,"面向智能城市及微电网应用的安全，可规模化及低成本的储能系统","香港中文大学",HK$ 3,599,999.99
ITS/001/20FP,"用於鋰离子电池的富镍三元层状正极材料的研发","香港科技大学",HK$ 1,765,250
ITS/087/20,"动力电池热管理关键技术的研发","香港科技大学",HK$ 1,382,300
ITS/107/20,"一款用於个人热量管理的新型智能纺织品的研究和开发","香港城市大学",HK$ 1,399,550
ITS/207/20FP,"交织频分多址 (IFDMA) 基础技术","香港中文大学",-
ITS/041/21,"用於建筑中具有发电能力的新型钙鈦矿热致变色智能窗户的研究与开发","香港城市大学",HK$ 1,389,200
ITS/077/21,"氨作為有效的零排放氢载体：新材料开发和氨分解装置设计用於燃料电池","香港理工大学",HK$ 1,396,330
ITS/257/21,"镍基层状双氢氧化物/垂直石墨烯阵列三维电极的研製及其甲醇高值转化耦合低能耗电解水製氢的应用","香港城市大学",HK$ 1,373,100
ITS/354/21,"巨热释电效应能量转化：废热发电核心技术研发","香港科技大学",HK$ 1,194,620
ITS/005/22MS,"绿色氨气的规模化合成生產技术：过渡金属磷化物-石墨烯气凝胶复合电极对离子液体中氮气转换為氨气过程的高效电催化","香港理工大学",HK$ 3,826,050
ITS/011/22MS,"智能冷藏车发展计划- 电力、太阳能和智能物流和存储方法","香港理工大学",HK$ 4,933,500
ITS/031/22MX,"用於增强水分冷凝和去除的工程纳米结构表面","香港科技大学",HK$ 6,230,134.2
ITS/034/22MS,"开发由人工智慧驱动的日前风功率全序列预测软件系统","香港城市大学",HK$ 3,137,200
ITS/035/22,"超高流量催化空气消毒净化器","香港科技大学",HK$ 1,394,950
ITS/041/22MS,"结合先进建筑材料和自动建造技术实现节能化模块化建筑","香港大学",HK$ 4,915,100
ITS/043/22MX,"红棚温室：被动式光质量调控提高温室作物的產量与能效","香港大学",HK$ 4,499,927
ITS/044/22MS,"集成储能与组网技术的电网友好型大功率充电网络 – 未来高效坚固而有韧性的电网推动者","香港理工大学",HK$ 4,115,776.8
ITS/056/22MX,"百测：智能建筑中的人工智能评估平臺","香港理工大学",HK$ 4,025,000
ITS/064/22,"开发具有高度紫外响应性增强的钙鈦矿量子点-硅混合光电二极管","香港理工大学",HK$ 932,880
ITS/065/22MX,"利用生物质废弃物製氢的集成催化技术的开发","香港浸会大学",HK$ 6,201,990
ITS/068/22,"基于一体化超薄固体电解质/正极的安全高性能鋰电池研发","香港理工大学",HK$ 1,396,100
ITS/122/22,"开发用於吸附除湿的热回应乾燥剂涂层仿生热交换器","香港城市大学",HK$ 1,396,100
ITS/128/22FP,"基於日间被动式辐射製冷技术的崭新下一代自行冷却建筑材料的研究与开发","香港城市大学",HK$ 3,990,500
ITS/147/22FP,"开发高效稳定的轻质柔性钙鈦矿太阳能电池和模组","香港城市大学",HK$ 1,991,225
ITS/159/22,"用於高效太阳能光伏系统的自清洁涂层和相变热管理系统研发","香港科技大学",HK$ 1,390,120
ITS/271/22,"便携式氮水循环器用於转化城市有毒废物為肥料","香港大学",HK$ 1,152,351.75
ITS/322/22,"基於共价有机框架的高性能全有机可充电钠离子电池","香港城市大学",HK$ 1,399,952.5
ITS/059/23MS,"一种应用於大规模低成本制氢的超纳图灵催化剂","香港城市大学",HK$ 4,079,050
ITS/068/23,"亚环境辐射冷却涂层中碳点型光致发光乳胶的开发","香港理工大学",HK$ 1,399,550
ITS/130/23FP,"使用废电池回收电极开发高性能且可持续的水电解池用於製氢","香港城市大学",HK$ 1,792,858
ITS/135/23,"动态储热材料及绝热在节能建筑墙体中的应用","香港科技大学",HK$ 932,420
ITS/184/23,"高性能二氧化锡量子点电子传输材料关键技术研究实现低开压损失的高效钙鈦矿光伏","香港理工大学",HK$ 1,286,160
ITS/188/23,"研发基於深度学习的高精度及高时空分辨率的紫外线指数预测算法","香港理工大学",HK$ 1,359,845.1
ITS/221/23,"大面积製备热致变色智能窗","香港中文大学",HK$ 1,399,550
ITS/259/23FP,"以鋰金属电极為应用前景的贯穿厚度 {110} 织构超薄鋰箔的製备","香港中文大学",HK$ 4,050,000
ITS/322/23FP,"用於下一代电动车的先进準固态无负极钠金属电池的开发","香港理工大学",HK$ 1,867,600
ITS/014/24,"多种正极材料回收：将混合废鋰离子电池正极转化為海水分离催化剂","香港理工大学",HK$ 1,380,460
ITS/084/24,"开发应用於电动交通的400 Wh/kg级固态鋰硫电池","香港理工大学",HK$ 1,227,050
ITS/124/24,"準单晶钙鈦矿光伏组件","香港理工大学",HK$ 969,795
ITS/164/24,"透过负功率电抗的电力转换解决方案","香港城市大学",HK$ 1,368,500
ITS/263/24FP,"基於图检索增强生成的智能运维辅助","香港理工大学",HK$ 750,900
ITS/415/24FP,"智能电力枢纽(SEEH)：融合电网与交通出行的可持续能源交换系统","香港城市大学",HK$ 1,378,850
MHP/049/19,"面向工业锅炉大气污染物排放监测的智能传感系统","香港中文大学",HK$ 2,132,100
MHP/104/21,"大面积高效稳定钙鈦矿电致发光材料与器件","香港城市大学",HK$ 2,237,900
MHP/080/22,"高安全鋰离子电池用防析鋰石墨负极的制备与应用","香港理工大学",HK$ 2,372,680
MHP/162/22,"基於热激发相变调控的辐射制冷节能智能窗设计与实现","香港城市大学",HK$ 2,157,400
MHP/054/23,"柔性超高单位功率密度叠层光伏的创新技术与关键材料","香港城市大学",HK$ 1,764,100
MHP/079/23,"高性能低成本反式钙鈦矿太阳电池关键空穴传输材料研发与器件製备","香港城市大学",HK$ 1,753,750
MHP/233/23,"序构化光电纳米晶材料设计及应用研究","香港理工大学",HK$ 1,941,200
MHP/140/24,"用於先进光伏电池微区高分辨探测的固态离子热/力传感器系统集成及实证研究","香港科技大学",HK$ 1,347,800
MRP/040/21X,"环保型稳定高性能钙鈦矿太阳能电池的开发","香港城市大学",HK$ 7,861,400
PiH/068/18,"高能效空调和洁净室内空气的先进热纳米技术(TNT)集成系统: 第一部分 - 能源效益","香港城市大学",HK$ 698,558.05
PiH/175/18,"高能效空调和洁净室内空气的先进热纳米技术(TNT)集成系统: 第一部分 - 能源效益","香港城市大学",HK$ 402,000
PiH/029/20,"高能效空调和洁净室内空气的先进热纳米技术(TNT)集成系统: 第一部分 - 能源效益","香港城市大学",HK$ 234,500
PRP/003/19NI,"无隔膜安全电池技术","纳米及先进材料研发院有限公司",HK$ 2,592,750
PRP/014/19FX,"煤气管道的无损红外和超声波检测技术发展","香港理工大学",HK$ 999,850
PRP/044/19FX,"磁性纳米黏土/粉煤灰催化剂的改性及在废塑胶催化裂解制柴油中的应用研究","香港浸会大学",HK$ 1,498,050
PRP/067/19AI,"开发适用於电动叉车的高效率氢燃料电池混合动力系统","先进能源及智慧交通中心",HK$ 7,132,000
PRP/016/20FX,"开发超声波、真空及电磁搅拌辅助的高压多相结晶技术以生產高强度及轻量化的金属零部件","香港生產力促进局",HK$ 3,596,831.67
PRP/025/20NI,"用於建筑玻璃的防眩光高透低辐射涂层","纳米及先进材料研发院有限公司",HK$ 1,370,250
PRP/051/20FX,"报废电动车电池的高效回收与储能材料再生","职业训练局",HK$ 1,731,527.1
PRP/085/20AI,"开发应用於汽车电源系统的主动式电磁干扰滤波器","先进能源及智慧交通中心",HK$ 794,180
PRP/033/21NI,"高性能鋰-亚硫酰氯一次电池","纳米及先进材料研发院有限公司",HK$ 1,127,000
PRP/040/21FX,"基於深度学习的数据驱动智能暖通空调控制系统","香港中文大学",HK$ 767,896.07
PRP/055/21FX,"基於电池正极使用的柔性玻璃纤维集流体的开发研究","香港理工大学",HK$ 1,462,846
PRP/074/21FX,"开发适用於各种应用的多功能室外空气对水大型收集器","香港城市大学",HK$ 626,519.4
PRP/061/22FX,"开发具有高性能和长寿命电池组的空气动力学电动自行车","香港城市大学",HK$ 1,534,999.5
PRP/074/22NI,"用於空气调节系统的节能纳米液体的开发","纳米及先进材料研发院有限公司",HK$ 1,950,200
PRP/077/22FX,"绿色氢能离网能源-水力站（微电网）","香港城市大学",HK$ 5,999,790
PRP/033/23FX,"面向风电叶片维护的智能监测诊断系统","香港中文大学",HK$ 1,178,341.1
PRP/039/24FX,"使用低电压电源管理系统的电动车智慧自适应电源充电系统","香港科技大学",HK$ 1,199,475
PRP/068/24FX,"基於刻意腐蚀辅助合成镍铁阳极催化剂的大规模AEM水电解槽开发","香港城市大学",HK$ 1,290,299.99
PRP/083/24FX,"复杂流动和网格的高效高精度数值仿真技术","香港科技大学",HK$ 721,050
PRP/009/25LI,"能量收集 IC 设计适用於遥控应用","物流及供应链多元技术研发中心",HK$ 1,494,600
PRP/016/25AI,"开发配备数据驱动能源管理系统的储能式增强型超级充电器","先进能源及智慧交通中心",HK$ 3,980,000
PRP/026/25FX,"应用於海洋工程的三维可压缩多相流动无网格数值模拟框架","香港科技大学",HK$ 874,000
RFS/004/20,"建立中央厨房的智能食品加工生產线（第一阶段）","厨房壹号有限公司",HK$ 770,000
RFS/008/20,"香港啤酒公司智能自动化生產线","香港啤酒有限公司",HK$ 2,674,063
RFS/029/24,"建立一条智能预製食品汤包生產线","进浩食品有限公司",HK$ 1,913,000
S/E043/15,"可弯曲可拆卸电池手鐲","庄士创科实业有限公司",HK$ 1,059,000
S/E056/15,"使用脉衝激光退火发展成本竞争力150毫米SiC肖特基二极管的製造技术和產品","华智科技(国际)有限公司",HK$ 2,433,450
S/E026/16,"发展声波辅助高效率空气微粒子过滤网及空气净化器技术","绿源工程顾问有限公司",HK$ 982,500
S/E037/17,"研发一套低功率蓝牙兼容的室内空调综合 中介软体远端系统","威的科技有限公司",HK$ 723,643.19
S/E061/17,"微型化恒流调光模块（研制晶片及掩模）","得能光控有限公司",HK$ 1,202,625
S/E071/17,"基於TiO2的高透过率自清洁太阳能电池减反射膜","新盈环保科技有限公司",HK$ 1,517,600
S/E065/19,"小型风洞测试系统","研发有限公司",HK$ 1,313,716
S/E010/21,"Haz360 -建基於SaaS的健康、安全及环保（HSE）及过程危害分析（PHA）软件","IRESC Hong Kong Limited",HK$ 1,773,940.9
S/E023/21,"透过需求管理和恆温控制优化能源","Energybox Limited",HK$ 2,247,050
STC/002/20,"试用： 用於公共交通交匯处使用绿色生產可环保回收鋰离子电池的不间断电源系统","坚能创智有限公司",HK$ 573,634
TSSSU/CityU/15/04,"-","积奇仪器有限公司",HK$ 1,786,986
TSSSU/CityU/19/02,"-","大锌能源有限公司",HK$ 2,190,000
TSSSU/CityU/22/05,"-","创冷科技有限公司",HK$ 1,615,000
TSSSU/CityU/23/04,"-","香港超碳纳米科技有限公司",HK$ 1,466,000
TSSSU/CityU/23/10,"-","愿景碳有限公司",HK$ 666,000
TSSSU/CityU/24/01,"-","催化科技有限公司",HK$ 800,000
TSSSU/CityU/25/05,"-","依时光学有限公司",HK$ 888,888
TSSSU/CUHK/20/08,"-","朗思科技有限公司",HK$ 1,350,000
TSSSU/CUHK/21/05,"-","易池新能有限公司",HK$ 2,350,000
TSSSU/CUHK/24/14,"-","织鋰新能源有限公司",HK$ 1,500,000
TSSSU/CUHK/25/02,"-","先碳科技有限公司",HK$ 400,000
TSSSU/CUHK/25/09,"-","港能中科有限公司",HK$ 400,000
TSSSU/CUHK/25/14,"-","松河科技有限公司",HK$ 400,000
TSSSU/HKBU/25/01,"-","生氢科技有限公司",HK$ 700,000
TSSSU/HKBU/25/08,"-","Climind Limited",HK$ 1,230,770
TSSSU/HKU/16/08,"-","杰峰导电膜技术有限公司",HK$ 250,000
TSSSU/HKU/18/04,"-","海柏斯股份有限公司",HK$ 1,695,000
TSSSU/HKU/21/06,"-","瞻越科技有限公司",HK$ 600,000
TSSSU/HKU/23/01,"-","金属动力电池有限公司",HK$ 700,000
TSSSU/HKUST/15/04,"-","扬帆科技有限公司",HK$ 200,000
TSSSU/HKUST/16/03,"-","綫易科技有限公司",HK$ 900,000
TSSSU/HKUST/17/08,"-","科日发展有限公司",HK$ 300,000
TSSSU/HKUST/19/05,"-","eFlexPV Limited",HK$ 1,200,000
TSSSU/HKUST/20/04,"-","iPV Limited",HK$ 950,000
TSSSU/HKUST/21/08,"-","Intensel Limited",HK$ 300,000
TSSSU/HKUST/22/08,"-","诺体科技有限公司",HK$ 750,000
TSSSU/HKUST/23/02,"-","Alpha Energy IoT Limited",HK$ 100,000
TSSSU/HKUST/24/12,"-","万耀鑫光科技有限公司",HK$ 529,166
TSSSU/HKUST/24/14,"-","星睿云智科技有限公司",HK$ 1,083,237
TSSSU/HKUST/24/15,"-","思谱科技有限公司",HK$ 546,875
TSSSU/HKUST/25/11,"-","莱顿能源国际有限公司",HK$ 300,000
TSSSU/HKUST/25/17,"-","智冷星创新科技有限公司",HK$ 686,362
TSSSU/HKUST/25/19,"-","香港澳力信科技有限公司",HK$ 686,362
TSSSU/PolyU/21/01,"-","安柏斯能源科技有限公司",HK$ 1,050,000
TSSSU/PolyU/21/05,"-","RC Labs Limited",HK$ 1,820,000
TSSSU/PolyU/23/04,"-","艾力飞科技(香港)有限公司",HK$ 500,000
TSSSU/PolyU/23/06,"-","香港星空绿能有限公司",HK$ 500,000
TSSSU/PolyU/23/13,"-","塞丰科技有限公司",HK$ 1,000,000
TSSSU/PolyU/24/11,"-","Project EVE Limited",HK$ 500,000
TSSSU/PolyU/25/09,"-","创新能源科技有限公司",HK$ 500,000
TSSSU/PolyU/25/17,"-","復创智能有限公司",HK$ 1,000,000
TVP/0321/17,"於办公室建立ISO 50001能源管理系统并提升传统灯具及冷气装置至智能能源控制系统","绿源工程顾问有限公司",HK$ 72,000
TVP/0097/20,"智能会所管理系统","INDIAN RECREATION CLUB",HK$ 199,636.66
TVP/1283/20,"太阳能系统能源监控及管理系统","佳安合同能源管理有限公司",HK$ 223,500
TVP/1825/20,"企业资源管理系统","能源管理有限公司",HK$ 225,000
TVP/2543/20,"移民服务企业资源规划方案","保得信有限公司",HK$ 215,625
TVP/3737/20,"人工智能灌溉系统","华丽营造有限公司",HK$ 193,266
TVP/5104/20,"国际半永久化妆美容协会网上商店系统开发","国际半永久化妆美容协会有限公司",HK$ 84,375
TVP/5137/20,"物流管理系统","极速快运物流(香港)有限公司",HK$ 180,375
TVP/5396/20,"开发网站及网上商店","王子科技(香港)有限公司",HK$ 57,321.87
TVP/6031/20,"建立具有预约和支付功能的手机应用程式","艾斯赫咨询有限公司",HK$ 173,690.62
TVP/0159/21,"智能物联网能源管理系统","城智能源有限公司",HK$ 36,150
TVP/0275/21,"建立销售点管理系统、车队管理系统及设有网上商店及会员管理模组的手机应用程式","完美健身公司",HK$ 196,875
TVP/0406/21,"创意念企业资源规划系统","创意念有限公司",HK$ 152,250
TVP/0463/21,"强化企业资源规划系统及开发二维码扫瞄手机应用程式","宏力建材有限公司",HK$ 217,781.25
TVP/0624/21,"企业资源规划系统","怡信管理",HK$ 77,250
TVP/1776/21,"建立设有标準检测功能的能源管理系统","新卓管理有限公司",HK$ 357,750
TVP/2169/21,"建立盘管选择方案以提高热泵的性能","恒泽节能有限公司",HK$ 128,561.4
TVP/3245/21,"智能路灯管理系统","雅加科技有限公司",HK$ 206,250
TVP/4143/21,"斗井企业资源规划系统开发","斗井（香港）有限公司",HK$ 253,125
TVP/0330/22,"餐厅管理系统","新光烧味(黄埔)有限公司",HK$ 123,750
TVP/1157/22,"建立销售点管理系统和电子商务网站","閒小舖",HK$ 140,625
TVP/11616/22,"建立网版企业资源规划系统","Forever Young",HK$ 190,312.5
TVP/12886/22,"具有库存管理、採购管理和样品製造管理模块的企业资源规划系统","金谷科技（远东）有限公司",HK$ 180,375
TVP/4503/22,"建立网上商店、企业资源规划系统、预约系统及手机应用程式","天然服饰内衣库",HK$ 178,125
TVP/6697/22,"客户关係和潜在客户管理系统","MW Studio Group",HK$ 152,137.5
TVP/7223/22,"建立设有网上商店的网站及手机应用程式","苏迪曼球拍运动专门店",HK$ 203,250
TVP/8559/22,"物联网电力管理系统","展翔装饰公司",HK$ 165,937.5
TVP/01052/23,"建立企业资源规划系统及手机应用程式","全一有限公司",HK$ 234,525
TVP/01570/23,"升级审计系统","陈志良执业会计师",HK$ 22,500
TVP/05810/23,"建立网上商店及优化企业资源规划系统","能源管理有限公司",HK$ 187,500
TVP/09478/23,"开发企业资源规划系统","朗骏工程有限公司",HK$ 197,250
TVP/10446/23,"开发企业资源规划系统","朝跃服务有限公司",HK$ 203,400
TVP/12107/23,"网版能源监控系统开发","盈达国际物流(香港)有限公司",HK$ 270,675
TVP/15468/23,"能源装备公司工单及仓库管理系统开发","AMPD Energy Limited",HK$ 161,625
TVP/01067/24,"开发电动车充电器系统化项目","凌创实业有限公司",HK$ 112,875
TVP/01144/24,"具有内容管理系统和电子商店的网站、客户关係管理、会计和文件管理系统的开发","棋哥烧鹅（筲箕湾）有限公司",HK$ 219,000
TVP/03117/24,"开发云端核数系统","黎耀华会计师事务所",HK$ 124,125
UIM/308,"研发新颖的垫片板式换热器","香港城市大学",HK$ 1,499,887
UIM/309,"基於深度学习的能源相关金融產品交易系统","香港浸会大学",HK$ 1,039,186
UIM/333,"新型溶剂生物炼製技术以提取木材废物中的木质素及製成生物燃料","香港理工大学",HK$ 999,998
UIM/369,"半固态电解质鋰离子电池的开发","香港科技大学",HK$ 2,407,864
UIT/130,"具有智能监控及控制系统的太阳能路灯应对未来的智能电网","香港理工大学",HK$ 172,200
UIT/139,"用於建筑上基於銫钨青铜的新型高分散自修復透明隔热涂料的研究","香港理工大学",HK$ 225,000